From	To
A0PJY2	FEZF1
A1X283	SH3PXD2B
A2PYH4	HFM1
A2RRP1	NBAS
A4D126	CRPPA
A6NCS4	NKX2-6
A6NFY7	SDHAF1
A6NGG8	PCARE
A6NHR9	SMCHD1
A6NNB3	IFITM5
A6NNN8	SLC38A8
A8MXD5	GRXCR1
B1AK53	ESPN
B2RXF5	ZBTB42
B7U540	KCNJ18
C9JR72	KBTBD13
O00116	AGPS
O00142	TK2
O00165	HAX1
O00187	MASP2
O00203	AP3B1
O00217	NDUFS8
O00238	BMPR1B
O00255	MEN1
O00292	LEFTY2
O00294	TULP1
O00305	CACNB4
O00329	PIK3CD
O00358	FOXE1
O00400	SLC33A1
O00423	EML1
O00429	DNM1L
O00459	PIK3R2
O00468	AGRN
O00499	BIN1
O00522	KRIT1
O00555	CACNA1A
O00571	DDX3X
O00584	RNASET2
O00623	PEX12
O00628	PEX7
O00744	WNT10B
O00754	MAN2B1
O00755	WNT7A
O14521	SDHD
O14593	RFXANK
O14647	CHD2
O14649	KCNK3
O14653	GOSR2
O14656	TOR1A
O14672	ADAM10
O14678	ABCD4
O14686	KMT2D
O14745	SLC9A3R1
O14746	TERT
O14764	GABRD
O14773	TPP1
O14788	TNFSF11
O14791	APOL1
O14802	POLR3A
O14813	PHOX2A
O14832	PHYH
O14836	TNFRSF13B
O14874	BCKDK
O14896	IRF6
O14901	KLF11
O14936	CASK
O14949	UQCRQ
O14958	CASQ2
O14979	HNRNPDL
O14983	ATP2A1
O15013	ARHGEF10
O15020	SPTBN2
O15055	PER2
O15078	CEP290
O15118	NPC1
O15119	TBX3
O15120	AGPAT2
O15146	MUSK
O15160	POLR1C
O15169	AXIN1
O15178	TBXT
O15198	SMAD9
O15228	GNPAT
O15232	MATN3
O15239	NDUFA1
O15247	CLIC2
O15259	NPHP1
O15266	SHOX
O15269	SPTLC1
O15270	SPTLC2
O15273	TCAP
O15287	FANCG
O15294	OGT
O15303	GRM6
O15305	PMM2
O15344	MID1
O15357	INPPL1
O15360	FANCA
O15409	FOXP2
O15455	TLR3
O15460	P4HA2
O15484	CAPN5
O15520	FGF10
O15528	CYP27B1
O15537	RS1
O15553	MEFV
O15554	KCNN4
O43167	ZBTB24
O43172	PRPF4
O43175	PHGDH
O43186	CRX
O43272	PRODH
O43291	SPINT2
O43306	ADCY6
O43307	ARHGEF9
O43316	PAX4
O43320	FGF16
O43323	DHH
O43364	HOXA2
O43379	WDR62
O43395	PRPF3
O43405	COCH
O43424	GRID2
O43426	SYNJ1
O43462	MBTPS2
O43464	HTRA2
O43490	PROM1
O43502	RAD51C
O43505	B4GAT1
O43511	SLC26A4
O43520	ATP8B1
O43525	KCNQ3
O43526	KCNQ2
O43541	SMAD6
O43542	XRCC3
O43548	TGM5
O43556	SGCE
O43570	CA12
O43586	PSTPIP1
O43593	HR
O43602	DCX
O43612	HCRT
O43707	ACTN4
O43734	TRAF3IP2
O43766	LIAS
O43772	SLC25A20
O43790	KRT86
O43819	SCO2
O43826	SLC37A4
O43837	IDH3B
O43896	KIF1C
O43897	TLL1
O43918	AIRE
O43929	ORC4
O43933	PEX1
O60216	RAD21
O60220	TIMM8A
O60243	HS6ST1
O60258	FGF17
O60260	PRKN
O60282	KIF5C
O60292	SIPA1L3
O60313	OPA1
O60315	ZEB2
O60331	PIP5K1C
O60333	KIF1B
O60353	FZD6
O60393	NOBOX
O60481	ZIC3
O60488	ACSL4
O60494	CUBN
O60500	NPHS1
O60566	BUB1B
O60568	PLOD3
O60662	KLHL41
O60663	LMX1B
O60674	JAK2
O60687	SRPX2
O60706	ABCC9
O60733	PLA2G6
O60741	HCN1
O60762	DPM1
O60779	SLC19A2
O60806	TBX19
O60826	CCDC22
O60828	PQBP1
O60832	DKC1
O60840	CACNA1F
O60880	SH2D1A
O60928	KCNJ13
O60930	RNASEH1
O60931	CTNS
O60934	NBN
O60936	NOL3
O60938	KERA
O60939	SCN2B
O75027	ABCB7
O75030	MITF
O75072	FKTN
O75096	LRP4
O75112	LDB3
O75140	DEPDC5
O75161	NPHP4
O75165	DNAJC13
O75190	DNAJB6
O75197	LRP5
O75204	TMEM127
O75251	NDUFS7
O75298	RTN2
O75306	NDUFS2
O75342	ALOX12B
O75352	MPDU1
O75360	PROP1
O75364	PITX3
O75369	FLNB
O75398	DEAF1
O75443	TECTA
O75444	MAF
O75445	USH2A
O75462	CRLF1
O75531	BANF1
O75569	PRKRA
O75581	LRP6
O75603	GCM2
O75643	SNRNP200
O75648	TRMU
O75665	OFD1
O75694	NUP155
O75695	RP2
O75712	GJB3
O75718	CRTAP
O75746	SLC25A12
O75762	TRPA1
O75792	RNASEH2A
O75800	ZMYND10
O75838	CIB2
O75844	ZMPSTE24
O75845	SC5D
O75880	SCO1
O75881	CYP7B1
O75914	PAK3
O75916	RGS9
O75923	DYSF
O76024	WFS1
O76039	CDKL5
O76082	SLC22A5
O76090	BEST1
O76094	SRP72
O94761	RECQL4
O94766	B3GAT3
O94777	DPM2
O94804	STK10
O94827	PLEKHG5
O94830	DDHD2
O94855	SEC24D
O94906	PRPF6
O94972	TRIM37
O94986	CEP152
O95076	ALX3
O95140	MFN2
O95163	ELP1
O95180	CACNA1H
O95237	LRAT
O95248	SBF1
O95255	ABCC6
O95259	KCNH1
O95263	PDE8B
O95278	EPM2A
O95292	VAPB
O95340	PAPSS2
O95342	ABCB11
O95343	SIX3
O95363	FARS2
O95389	CCN6
O95394	PGM3
O95409	ZIC2
O95427	PIGN
O95436	SLC34A2
O95452	GJB6
O95453	PARN
O95455	TGDS
O95461	LARGE1
O95477	ABCA1
O95479	H6PD
O95500	CLDN14
O95528	SLC2A10
O95571	ETHE1
O95602	POLR1A
O95622	ADCY5
O95630	STAMBP
O95672	ECEL1
O95677	EYA4
O95678	KRT75
O95714	HERC2
O95718	ESRRB
O95786	DDX58
O95817	BAG3
O95831	AIFM1
O95859	TSPAN12
O95876	WDPCP
O95932	TGM6
O95935	TBX18
O95954	FTCD
O95967	EFEMP2
O95970	LGI1
O95972	BMP15
O96007	MOCS2
O96017	CHEK2
O96033	MOCS2
P00367	GLUD1
P00374	DHFR
P00387	CYB5R3
P00439	PAH
P00441	SOD1
P00451	F8
P00480	OTC
P00488	F13A1
P00491	PNP
P00492	HPRT1
P00533	EGFR
P00558	PGK1
P00568	AK1
P00734	F2
P00738	HP
P00740	F9
P00742	F10
P00746	CFD
P00747	PLG
P00748	F12
P00751	CFB
P00797	REN
P00813	ADA
P00918	CA2
P00966	ASS1
P00995	SPINK1
P01008	SERPINC1
P01019	AGT
P01024	C3
P01034	CST3
P01111	NRAS
P01112	HRAS
P01116	KRAS
P01127	PDGFB
P01130	LDLR
P01133	EGF
P01137	TGFB1
P01138	NGF
P01160	NPPA
P01185	AVP
P01213	PDYN
P01225	FSHB
P01229	LHB
P01241	GH1
P01266	TG
P01270	PTH
P01308	INS
P01589	IL2RA
P01732	CD8A
P02452	COL1A1
P02458	COL2A1
P02461	COL3A1
P02462	COL4A1
P02489	CRYAA
P02511	CRYAB
P02533	KRT14
P02538	KRT6A
P02545	LMNA
P02549	SPTA1
P02647	APOA1
P02649	APOE
P02655	APOC2
P02656	APOC3
P02671	FGA
P02675	FGB
P02679	FGG
P02708	CHRNA1
P02730	SLC4A1
P02746	C1QB
P02747	C1QC
P02748	C9
P02751	FN1
P02753	RBP4
P02766	TTR
P02768	ALB
P02787	TF
P02792	FTL
P03372	ESR1
P03950	ANG
P03951	F11
P03952	KLKB1
P03971	AMH
P03999	OPN1SW
P04000	OPN1LW
P04049	RAF1
P04062	GBA
P04066	FUCA1
P04070	PROC
P04075	ALDOA
P04080	CSTB
P04114	APOB
P04150	NR3C1
P04156	PRNP
P04180	LCAT
P04181	OAT
P04196	HRG
P04198	MYCN
P04259	KRT6B
P04264	KRT1
P04275	VWF
P04350	TUBB4A
P04424	ASL
P04628	WNT1
P04629	NTRK1
P04637	TP53
P04792	HSPB1
P04839	CYBB
P05062	ALDOB
P05067	APP
P05089	ARG1
P05093	CYP17A1
P05106	ITGB3
P05107	ITGB2
P05108	CYP11A1
P05129	PRKCG
P05155	SERPING1
P05156	CFI
P05160	F13B
P05164	MPO
P05165	PCCA
P05166	PCCB
P05186	ALPL
P05305	EDN1
P05543	SERPINA7
P05546	SERPIND1
P05549	TFAP2A
P05783	KRT18
P05787	KRT8
P05997	COL5A2
P06132	UROD
P06213	INSR
P06239	LCK
P06276	BCHE
P06280	GLA
P06396	GSN
P06400	RB1
P06681	C2
P06737	PYGL
P06744	GPI
P06753	TPM3
P06858	LPL
P06865	HEXA
P07101	TH
P07195	LDHB
P07196	NEFL
P07202	TPO
P07204	THBD
P07225	PROS1
P07237	P4HB
P07315	CRYGC
P07320	CRYGD
P07333	CSF1R
P07339	CTSD
P07359	GP1BA
P07437	TUBB
P07477	PRSS1
P07510	CHRNG
P07602	PSAP
P07686	HEXB
P07737	PFN1
P07738	BPGM
P07741	APRT
P07902	GALT
P07911	UMOD
P07949	RET
P07951	TPM2
P07954	FH
P07988	SFTPB
P07992	ERCC1
P08034	GJB1
P08069	IGF1R
P08100	RHO
P08123	COL1A2
P08185	SERPINA6
P08235	NR3C2
P08236	GUSB
P08237	PFKM
P08243	ASNS
P08246	ELANE
P08247	SYP
P08253	MMP2
P08397	HMBS
P08514	ITGA2B
P08559	PDHA1
P08572	COL4A2
P08574	CYC1
P08581	MET
P08590	MYL3
P08603	CFH
P08637	FCGR3A
P08670	VIM
P08686	CYP21A2
P08697	SERPINF2
P08709	F7
P08754	GNAI3
P08779	KRT16
P08842	STS
P08865	RPSA
P08F94	PKHD1
P09001	MRPL3
P09172	DBH
P09417	QDPR
P09467	FBP1
P09471	GNAO1
P09486	SPARC
P09493	TPM1
P09619	PDGFRB
P09622	DLD
P09651	HNRNPA1
P09848	LCT
P09936	UCHL1
P0C7P3	SLFN14
P0CG37	CFC1
P0CW18	PRSS56
P0DI81	TRAPPC2
P10070	GLI2
P10071	GLI3
P10253	GAA
P10275	AR
P10589	NR2F1
P10600	TGFB3
P10619	CTSA
P10636	MAPT
P10643	C7
P10644	PRKAR1A
P10721	KIT
P10745	RBP3
P10746	UROS
P10809	HSPD1
P10826	RARB
P10827	THRA
P10828	THRB
P10912	GHR
P10916	MYL2
P11055	MYH3
P11150	LIPC
P11161	EGR2
P11166	SLC2A1
P11168	SLC2A2
P11172	UMPS
P11177	PDHB
P11182	DBT
P11217	PYGM
P11230	CHRNB1
P11277	SPTB
P11310	ACADM
P11362	FGFR1
P11413	G6PD
P11473	VDR
P11487	FGF3
P11488	GNAT1
P11498	PC
P11511	CYP19A1
P11532	DMD
P11586	MTHFD1
P11597	CETP
P11678	EPX
P11686	SFTPC
P11802	CDK4
P12004	PCNA
P12034	FGF5
P12035	KRT3
P12081	HARS1
P12107	COL11A1
P12109	COL6A1
P12110	COL6A2
P12111	COL6A3
P12235	SLC25A4
P12259	F5
P12271	RLBP1
P12272	PTHLH
P12644	BMP4
P12694	BCKDHA
P12755	SKI
P12830	CDH1
P12883	MYH7
P12955	PEPD
P13051	UNG
P13224	GP1BB
P13473	LAMP2
P13497	BMP1
P13498	CYBA
P13533	MYH6
P13535	MYH8
P13569	CFTR
P13637	ATP1A3
P13639	EEF2
P13645	KRT10
P13646	KRT13
P13647	KRT5
P13686	ACP5
P13716	ALAD
P13804	ETFA
P13866	SLC5A1
P13929	ENO3
P13942	COL11A2
P13987	CD59
P14136	GFAP
P14138	EDN3
P14222	PRF1
P14324	FDPS
P14410	SI
P14598	NCF1
P14653	HOXB1
P14672	SLC2A4
P14678	SNRPB
P14679	TYR
P14770	GP9
P14854	COX6B1
P14867	GABRA1
P14868	DARS1
P14923	JUP
P15056	BRAF
P15104	GLUL
P15153	RAC2
P15169	CPN1
P15259	PGAM2
P15260	IFNGR1
P15289	ARSA
P15313	ATP6V1B1
P15382	KCNE1
P15428	HPGD
P15509	CSF2RA
P15529	CD46
P15538	CYP11B1
P15586	GNS
P15735	PHKG2
P15814	IGLL1
P15848	ARSB
P15863	PAX1
P15882	CHN1
P15884	TCF4
P15918	RAG1
P15924	DSP
P15976	GATA1
P16144	ITGB4
P16157	ANK1
P16219	ACADS
P16234	PDGFRA
P16278	GLB1
P16389	KCNA2
P16410	CTLA4
P16422	EPCAM
P16435	POR
P16452	EPB42
P16471	PRLR
P16473	TSHR
P16499	PDE6A
P16615	ATP2A2
P16671	CD36
P16885	PLCG2
P16930	FAH
P17050	NAGA
P17302	GJA1
P17405	SMPD1
P17612	PRKACA
P17643	TYRP1
P17661	DES
P17735	TAT
P17787	CHRNB2
P17813	ENG
P17900	GM2A
P18074	ERCC2
P18077	RPL35A
P18206	VCL
P18507	GABRG2
P18564	ITGB6
P18850	ATF6
P19013	KRT4
P19099	CYP11B2
P19235	EPOR
P19367	HK1
P19429	TNNI3
P19438	TNFRSF1A
P19447	ERCC3
P19544	WT1
P19634	SLC9A1
P19878	NCF2
P19971	TYMP
P20594	NPR2
P20711	DDC
P20794	MAK
P20807	CAPN3
P20823	HNF1A
P20839	IMPDH1
P20908	COL5A1
P20933	AGA
P20936	RASA1
P21281	ATP6V1B2
P21333	FLNA
P21359	NF1
P21397	MAOA
P21439	ABCB4
P21549	AGXT
P21579	SYT1
P21583	KITLG
P21589	NT5E
P21695	GPD1
P21731	TBXA2R
P21802	FGFR2
P21817	RYR1
P21912	SDHB
P21953	BCKDHB
P22033	MMUT
P22105	TNXB
P22223	CDH3
P22304	IDS
P22309	UGT1A1
P22310	UGT1A4
P22314	UBA1
P22413	ENPP1
P22455	FGFR4
P22466	GAL
P22557	ALAS2
P22607	FGFR3
P22612	PRKACG
P22626	HNRNPA2B1
P22674	CCNO
P22681	CBL
P22695	UQCRC2
P22735	TGM1
P22748	CA4
P22830	FECH
P22888	LHCGR
P22914	CRYGS
P23025	XPA
P23109	AMPD1
P23258	TUBG1
P23284	PPIB
P23352	ANOS1
P23378	GLDC
P23409	MYF6
P23415	GLRA1
P23526	AHCY
P23560	BDNF
P23760	PAX3
P23769	GATA2
P23771	GATA3
P23786	CPT2
P23942	PRPH2
P23945	FSHR
P23975	SLC6A2
P24043	LAMA2
P24386	CHM
P24468	NR2F2
P24530	EDNRB
P24557	TBXAS1
P24752	ACAT1
P24821	TNC
P25054	APC
P25067	COL8A2
P25092	GUCY2C
P25101	EDNRA
P25189	MPZ
P25445	FAS
P25686	DNAJB2
P25705	ATP5F1A
P25942	CD40
P25963	NFKBIA
P26006	ITGA3
P26358	DNMT1
P26367	PAX6
P26439	HSD3B2
P26440	IVD
P26678	PLN
P26842	CD27
P26998	CRYBB3
P27352	CBLIF
P27539	GDF1
P27544	CERS1
P27635	RPL10
P27708	CAD
P27918	CFP
P27986	PIK3R1
P28062	PSMB8
P28069	POU1F1
P28328	PEX2
P28329	CHAT
P28331	NDUFS1
P28340	POLD1
P28347	TEAD1
P28358	HOXD10
P28360	MSX1
P28472	GABRB3
P28715	ERCC5
P28799	GRN
P29033	GJB2
P29120	PCSK1
P29317	EPHA2
P29323	EPHB2
P29371	TACR3
P29400	COL4A5
P29965	CD40LG
P29973	CNGA1
P29992	GNA11
P30038	ALDH4A1
P30084	ECHS1
P30153	PPP2R1A
P30279	CCND2
P30301	MIP
P30518	AVPR2
P30531	SLC6A1
P30556	AGTR1
P30566	ADSL
P30613	PKLR
P30793	GCH1
P30968	GNRHR
P31040	SDHA
P31146	CORO1A
P31150	GDI1
P31213	SRD5A2
P31271	HOXA13
P31327	CPS1
P31371	FGF9
P31415	CASQ1
P31483	TIA1
P31513	FMO3
P31639	SLC5A2
P31749	AKT1
P31751	AKT2
P31785	IL2RG
P31939	ATIC
P32004	L1CAM
P32189	GK
P32243	OTX2
P32245	MC4R
P32322	PYCR1
P32754	HPD
P32929	CTH
P33076	CIITA
P33897	ABCD1
P34059	GALNS
P34949	MPI
P35218	CA5A
P35219	CA8
P35222	CTNNB1
P35240	NF2
P35241	RDX
P35270	SPR
P35453	HOXD13
P35475	IDUA
P35498	SCN1A
P35499	SCN4A
P35523	CLCN1
P35527	KRT9
P35548	MSX2
P35555	FBN1
P35556	FBN2
P35557	GCK
P35568	IRS1
P35573	AGL
P35575	G6PC
P35579	MYH9
P35609	ACTN2
P35625	TIMP3
P35637	FUS
P35670	ATP7B
P35680	HNF1B
P35713	SOX18
P35716	SOX11
P35749	MYH11
P35858	IGFALS
P35908	KRT2
P35913	PDE6B
P35914	HMGCL
P35916	FLT4
P35968	KDR
P36021	SLC16A2
P36382	GJA5
P36507	MAP2K2
P36551	CPOX
P36776	LONP1
P36871	PGM1
P36894	BMPR1A
P36897	TGFBR1
P37023	ACVRL1
P37058	HSD17B3
P37088	SCNN1A
P37173	TGFBR2
P37198	NUP62
P37231	PPARG
P37275	ZEB1
P37287	PIGA
P37840	SNCA
P38117	ETFB
P38398	BRCA1
P38405	GNAL
P38435	GGCX
P38484	IFNGR2
P38571	LIPA
P38919	EIF4A3
P38935	IGHMBP2
P39019	RPS19
P39210	MPV17
P39656	DDOST
P39877	PLA2G5
P39905	GDNF
P40200	CD96
P40238	MPL
P40259	CD79B
P40337	VHL
P40692	MLH1
P40763	STAT3
P40879	SLC26A3
P40939	HADHA
P41159	LEP
P41180	CASR
P41181	AQP2
P41212	ETV6
P41221	WNT5A
P41227	NAA10
P41229	KDM5C
P41235	HNF4A
P41250	GARS1
P41732	TSPAN7
P42224	STAT1
P42263	GRIA3
P42336	PIK3CA
P42345	MTOR
P42356	PI4KA
P42357	HAL
P42658	DPP6
P42701	IL12RB1
P42702	LIFR
P42704	LRPPRC
P42768	WAS
P42771	CDKN2A
P42892	ECE1
P42898	MTHFR
P43003	SLC1A3
P43005	SLC1A1
P43007	SLC1A4
P43026	GDF5
P43034	PAFAH1B1
P43080	GUCA1A
P43235	CTSK
P43243	MATR3
P43246	MSH2
P43251	BTD
P43403	ZAP70
P43489	TNFRSF4
P43657	LPAR6
P43681	CHRNA4
P43694	GATA4
P43699	NKX2-1
P45378	TNNT3
P45379	TNNT2
P45381	ASPA
P45452	MMP13
P45954	ACADSB
P46019	PHKA2
P46020	PHKA1
P46100	ATRX
P46531	NOTCH1
P46777	RPL5
P46778	RPL21
P46976	GYG1
P46977	STT3A
P47712	PLA2G4A
P47804	RGR
P47895	ALDH1A3
P47897	QARS1
P47989	XDH
P48023	FASLG
P48029	SLC6A8
P48048	KCNJ1
P48051	KCNJ6
P48165	GJA8
P48167	GLRB
P48382	RFX5
P48436	SOX9
P48449	LSS
P48506	GCLC
P48544	KCNJ5
P48547	KCNC1
P48637	GSS
P48643	CCT5
P48651	PTDSS1
P48668	KRT6C
P48728	AMT
P48730	CSNK1D
P48735	IDH2
P48788	TNNI2
P49247	RPIA
P49257	LMAN1
P49281	SLC11A2
P49335	POU3F4
P49411	TUFM
P49419	ALDH7A1
P49459	UBE2A
P49585	PCYT1A
P49588	AARS1
P49590	HARS2
P49638	TTPA
P49675	STAR
P49711	CTCF
P49715	CEBPA
P49747	COMP
P49748	ACADVL
P49768	PSEN1
P49770	EIF2B2
P49773	HINT1
P49792	RANBP2
P49810	PSEN2
P49815	TSC2
P49821	NDUFV1
P49917	LIG4
P49918	CDKN1C
P49959	MRE11
P49961	ENTPD1
P50053	KHK
P50148	GNAQ
P50219	MNX1
P50281	MMP14
P50336	PPOX
P50402	EMD
P50416	CPT1A
P50440	GATM
P50443	SLC26A2
P50454	SERPINH1
P50461	CSRP3
P50542	PEX5
P50548	ERF
P50570	DNM2
P50747	HLCS
P50851	LRBA
P50897	PPT1
P50993	ATP1A2
P51149	RAB7A
P51159	RAB27A
P51160	PDE6C
P51168	SCNN1B
P51178	PLCD1
P51449	RORC
P51460	INSL3
P51508	ZNF81
P51530	DNA2
P51531	SMARCA2
P51532	SMARCA4
P51570	GALK1
P51587	BRCA2
P51608	MECP2
P51610	HCFC1
P51648	ALDH3A2
P51649	ALDH5A1
P51654	GPC3
P51659	HSD17B4
P51687	SUOX
P51688	SGSH
P51690	ARSL
P51692	STAT5B
P51787	KCNQ1
P51788	CLCN2
P51795	CLCN5
P51798	CLCN7
P51800	CLCNKA
P51801	CLCNKB
P51810	GPR143
P51811	XK
P51812	RPS6KA3
P51843	NR0B1
P51857	AKR1D1
P52429	DGKE
P52701	MSH6
P52732	KIF11
P52788	SMS
P52848	NDST1
P52895	AKR1C2
P52945	PDX1
P52952	NKX2-5
P53007	SLC25A1
P53420	COL4A4
P53597	SUCLG1
P53602	MVD
P53621	COPA
P53634	CTSC
P53672	CRYBA2
P53673	CRYBA4
P53674	CRYBB1
P53680	AP2S1
P53701	HCCS
P53708	ITGA8
P53985	SLC16A1
P54098	POLG
P54132	BLM
P54136	RARS1
P54278	PMS2
P54577	YARS1
P54710	FXYD2
P54802	NAGLU
P54803	GALC
P54819	AK2
P54821	PRRX1
P54840	GYS2
P54845	NRL
P54851	EMP2
P54868	HMGCS2
P54886	ALDH18A1
P55000	SLURP1
P55017	SLC12A3
P55064	AQP5
P55072	VCP
P55084	HADHB
P55157	MTTP
P55263	ADK
P55265	ADAR
P55268	LAMB2
P55291	CDH15
P55316	FOXG1
P55771	PAX9
P55789	GFER
P55809	OXCT1
P55895	RAG2
P55916	UCP3
P56178	DLX5
P56192	MARS1
P56381	ATP5F1E
P56539	CAV3
P56589	PEX3
P56693	SOX10
P56696	KCNQ4
P56705	WNT4
P56715	RP1
P57059	SIK1
P57078	RIPK4
P57082	TBX4
P57679	EVC
P57727	TMPRSS3
P57796	CABP4
P58012	FOXL2
P58304	VSX2
P58335	ANTXR2
P58418	CLRN1
P60174	TPI1
P60201	PLP1
P60484	PTEN
P60709	ACTB
P60880	SNAP25
P60891	PRPS1
P61266	STX1B
P61457	PCBD1
P61626	LYZ
P61764	STXBP1
P61769	B2M
P61812	TGFB2
P61916	NPC2
P62158	CALM1
P62158	CALM2
P62158	CALM3
P62273	RPS29
P62304	SNRPE
P62736	ACTA2
P62854	RPS26
P62913	RPL11
P63092	GNAS
P63252	KCNJ2
P63261	ACTG1
P63267	ACTG2
P63316	TNNC1
P68032	ACTC1
P68133	ACTA1
P68366	TUBA4A
P68871	HBB
P69892	HBG2
P78314	SH3BP2
P78330	PSPH
P78337	PITX1
P78363	ABCA4
P78364	PHC1
P78381	SLC35A2
P78385	KRT83
P78386	KRT85
P78411	IRX5
P78424	POU6F2
P78504	JAG1
P78508	KCNJ10
P78509	RELN
P78527	PRKDC
P78560	CRADD
P78562	PHEX
P80365	HSD11B2
P80404	ABAT
P81172	HAMP
P82251	SLC7A9
P82279	CRB1
P82650	MRPS22
P84022	SMAD3
P84074	HPCA
P84996	GNAS
P98160	HSPG2
P98161	PKD1
P98164	LRP2
P98172	EFNB1
P98174	FGD1
P98194	ATP2C1
P99999	CYCS
Q00266	MAT1A
Q00325	SLC25A3
Q00534	CDK6
Q00577	PURA
Q00597	FANCC
Q00604	NDP
Q00872	MYBPC1
Q00973	B4GALNT1
Q00975	CACNA1B
Q00LT1	PRCD
Q01432	AMPD3
Q01433	AMPD2
Q01453	PMP22
Q01484	ANK2
Q01668	CACNA1D
Q01718	MC2R
Q01726	MC1R
Q01831	XPC
Q01955	COL4A3
Q01959	SLC6A3
Q01968	OCRL
Q01974	ROR2
Q02094	RHAG
Q02127	DHODH
Q02224	CENPE
Q02252	ALDH6A1
Q02318	CYP27A1
Q02388	COL7A1
Q02487	DSC2
Q02548	PAX5
Q02556	IRF8
Q02643	GHRHR
Q02750	MAP2K1
Q02763	TEK
Q02809	PLOD1
Q02846	GUCY2D
Q02962	PAX2
Q03154	ACY1
Q03252	LMNB2
Q03393	PTS
Q03426	MVK
Q03431	PTH1R
Q03468	ERCC6
Q03692	COL10A1
Q04446	GBE1
Q04637	EIF4G1
Q04656	ATP7A
Q04671	OCA2
Q04695	KRT17
Q04721	NOTCH2
Q04771	ACVR1
Q04844	CHRNE
Q05066	SRY
Q05193	DNM1
Q05516	ZBTB16
Q05586	GRIN1
Q05639	EEF1A2
Q06124	PTPN11
Q06187	BTK
Q06210	GFPT1
Q06330	RBPJ
Q06495	SLC34A1
Q06609	RAD51
Q06710	PAX8
Q06787	FMR1
Q07001	CHRND
Q07699	SCN1B
Q07837	SLC3A1
Q07864	POLE
Q07889	SOS1
Q07890	SOS2
Q07973	CYP24A1
Q08289	CACNB2
Q08357	SLC20A2
Q08426	EHHADH
Q08499	PDE4D
Q08881	ITK
Q08J23	NSUN2
Q09428	ABCC8
Q09470	KCNA1
Q0D2K0	NIPAL4
Q0VAK6	LMOD3
Q0ZGT2	NEXN
Q0ZLH3	PJVK
Q10469	MGAT2
Q11203	ST3GAL3
Q12756	KIF1A
Q12768	WASHC5
Q12791	KCNMA1
Q12794	HYAL1
Q12797	ASPH
Q12805	EFEMP1
Q12809	KCNH2
Q12824	SMARCB1
Q12840	KIF5A
Q12866	MERTK
Q12879	GRIN2A
Q12882	DPYD
Q12887	COX10
Q12908	SLC10A2
Q12946	FOXF1
Q12948	FOXC1
Q12965	MYO1E
Q12988	HSPB3
Q13049	TRIM32
Q13057	COASY
Q13061	TRDN
Q13064	MKRN3
Q13093	PLA2G7
Q13114	TRAF3
Q13144	EIF2B5
Q13148	TARDBP
Q13158	FADD
Q13216	ERCC8
Q13224	GRIN2B
Q13233	MAP3K1
Q13253	NOG
Q13285	NR5A1
Q13286	CLN3
Q13315	ATM
Q13326	SGCG
Q13351	KLF1
Q13361	MFAP5
Q13402	MYO7A
Q13415	ORC1
Q13423	NNT
Q13424	SNTA1
Q13426	XRCC4
Q13428	TCOF1
Q13432	UNC119
Q13461	FOXE3
Q13485	SMAD4
Q13488	TCIRG1
Q13496	MTM1
Q13501	SQSTM1
Q13507	TRPC3
Q13509	TUBB3
Q13510	ASAH1
Q13515	BFSP2
Q13535	ATR
Q13562	NEUROD1
Q13563	PKD2
Q13586	STIM1
Q13608	PEX6
Q13614	MTMR2
Q13618	CUL3
Q13620	CUL4B
Q13621	SLC12A1
Q13635	PTCH1
Q13642	FHL1
Q13651	IL10RA
Q13698	CACNA1S
Q13702	RAPSN
Q13705	ACVR2B
Q13724	MOGS
Q13751	LAMB3
Q13825	AUH
Q13873	BMPR2
Q13885	TUBB2A
Q13936	CACNA1C
Q13950	RUNX2
Q13976	PRKG1
Q14003	KCNC3
Q14028	CNGB1
Q14031	COL4A6
Q14032	BAAT
Q14050	COL9A3
Q14055	COL9A2
Q14108	SCARB2
Q14117	DPYS
Q14118	DAG1
Q14126	DSG2
Q14160	SCRIB
Q14191	WRN
Q14203	DCTN1
Q14204	DYNC1H1
Q14232	EIF2B1
Q14315	FLNC
Q14353	GAMT
Q14376	GALE
Q14432	PDE3A
Q14520	HABP2
Q14524	SCN5A
Q14533	KRT81
Q14563	SEMA3A
Q14571	ITPR2
Q14623	IHH
Q14626	IL11RA
Q14643	ITPR1
Q14653	IRF3
Q14654	KCNJ11
Q14683	SMC1A
Q14692	BMS1
Q14721	KCNB1
Q14738	PPP2R5D
Q14739	LBR
Q14749	GNMT
Q14767	LTBP2
Q14781	CBX2
Q14790	CASP8
Q14807	KIF22
Q14894	CRYM
Q14896	MYBPC3
Q14938	NFIX
Q14999	CUL7
Q14CZ8	HEPACAM
Q15029	EFTUD2
Q15031	LARS2
Q15046	KARS1
Q15049	MLC1
Q15067	ACOX1
Q15080	NCF4
Q15120	PDK3
Q15125	EBP
Q15147	PLCB4
Q15149	PLEC
Q15303	ERBB4
Q15319	POU4F3
Q15327	ANKRD1
Q15392	DHCR24
Q15436	SEC23A
Q15437	SEC23B
Q15465	SHH
Q15468	STIL
Q15475	SIX1
Q15477	SKIV2L
Q15526	SURF1
Q15582	TGFBI
Q15583	TGIF1
Q15672	TWIST1
Q15726	KISS1
Q15738	NSDHL
Q15746	MYLK
Q15772	SPEG
Q15822	CHRNA2
Q15831	STK11
Q15833	STXBP2
Q15835	GRK1
Q15842	KCNJ8
Q15848	ADIPOQ
Q15858	SCN9A
Q15910	EZH2
Q15915	ZIC1
Q15928	ZNF141
Q16134	ETFDH
Q16281	CNGA3
Q16288	NTRK3
Q16363	LAMA4
Q16394	EXT1
Q16518	RPE65
Q16585	SGCB
Q16586	SGCA
Q16595	FXN
Q16610	ECM1
Q16620	NTRK2
Q16625	OCLN
Q16635	TAZ
Q16637	SMN1
Q16637	SMN2
Q16653	MOG
Q16667	CDKN3
Q16671	AMHR2
Q16678	CYP1B1
Q16719	KYNU
Q16720	ATP2B3
Q16740	CLPP
Q16821	PPP1R3A
Q16828	DUSP6
Q16832	DDR2
Q16836	HADH
Q16854	DGUOK
Q17R60	IMPG1
Q18PE1	DOK7
Q27J81	INF2
Q2I0M5	RSPO4
Q2M1K9	ZNF423
Q2M1P5	KIF7
Q2M389	WASHC4
Q2NKJ3	CTC1
Q2TAA5	ALG11
Q2TBA0	KLHL40
Q2WEN9	CEACAM16
Q2YD98	UVSSA
Q30201	HFE
Q32P41	TRMT5
Q330K2	NDUFAF6
Q3SXY7	LRIT3
Q3SXY8	ARL13B
Q3SY84	KRT71
Q3SYG4	BBS9
Q3T906	GNPTAB
Q495M3	SLC36A2
Q495M9	USH1G
Q49MI3	CERKL
Q4AC94	C2CD3
Q4G176	ACSF3
Q4KMG0	CDON
Q4LDG9	DNAL1
Q502W6	VWA3B
Q53GS7	GLE1
Q562E7	WDR81
Q56NI9	ESCO2
Q59H18	TNNI3K
Q5FBB7	SGO1
Q5H8C1	FREM1
Q5HYA8	TMEM67
Q5IJ48	CRB2
Q5JPH6	EARS2
Q5JTJ3	COA6
Q5JTZ9	AARS2
Q5JU85	IQSEC2
Q5JUK3	KCNT1
Q5JVL4	EFHC1
Q5JWF2	GNAS
Q5K651	SAMD9
Q5NDL2	EOGT
Q5S007	LRRK2
Q5SQQ9	VAX1
Q5ST30	VARS2
Q5SV17	TMEM240
Q5SW96	LDLRAP1
Q5SZK8	FREM2
Q5T1H1	EYS
Q5T1V6	DDX59
Q5T2R2	PDSS1
Q5T2S8	ARMC4
Q5T440	IBA57
Q5T442	GJC2
Q5T481	RBM20
Q5T4F4	ZFYVE27
Q5T6L9	ERMARD
Q5TAQ9	DCAF8
Q5TBB1	RNASEH2B
Q5TD94	RSPH4A
Q5TEU4	NDUFAF5
Q5U5X0	LYRM7
Q5VIR6	VPS53
Q63HN8	RNF213
Q63ZY3	KANK2
Q68CP4	HGSNAT
Q68CZ1	RPGRIP1L
Q68DC2	ANKS6
Q695T7	SLC6A19
Q69YQ0	SPECC1L
Q6DD88	ATL3
Q6EMB2	TTLL5
Q6IEE7	TMEM132E
Q6ISB3	GRHL2
Q6JEL2	KLHL10
Q6KC79	NIPBL
Q6KF10	GDF6
Q6NT55	CYP4F22
Q6NUS6	TCTN3
Q6NVY1	HIBCH
Q6NXR4	TTI2
Q6P1J9	CDC73
Q6P1M0	SLC27A4
Q6P1X5	TAF2
Q6P2Q9	PRPF8
Q6P4Q7	CNNM4
Q6P5W5	SLC39A4
Q6PGP7	TTC37
Q6PHW0	IYD
Q6PI48	DARS2
Q6PIJ6	FBXO38
Q6PJF5	RHBDF2
Q6PRD1	GPR179
Q6RI45	BRWD3
Q6SJ93	FAM111B
Q6UVJ0	SASS6
Q6UW78	UQCC3
Q6UWZ7	ABRAXAS1
Q6UXH8	CCBE1
Q6V0I7	FAT4
Q6VVB1	NHLRC1
Q6VVX0	CYP2R1
Q6VY07	PACS1
Q6W2J9	BCOR
Q6X4W1	NSMF
Q6XR72	SLC30A10
Q6XUX3	DSTYK
Q6XZB0	LIPI
Q6Y7W6	GIGYF2
Q6ZMH5	SLC39A5
Q6ZNJ1	NBEAL2
Q6ZRI0	OTOG
Q6ZRV2	FAM83H
Q6ZUT3	FRMD7
Q6ZVD7	STOX1
Q6ZVN8	HJV
Q6ZW61	BBS12
Q6ZWL3	CYP4V2
Q6ZYL4	GTF2H5
Q719H9	KCTD1
Q71F56	MED13L
Q71SY5	MED25
Q71U36	TUBA1A
Q75V66	ANO5
Q76LX8	ADAMTS13
Q7KZN9	COX15
Q7L5A8	FA2H
Q7LDG7	RASGRP2
Q7LG56	RRM2B
Q7LGC8	CHST3
Q7RTP0	NIPA1
Q7RTS7	KRT74
Q7RTS9	DYM
Q7RTU4	BHLHA9
Q7Z2E3	APTX
Q7Z333	SETX
Q7Z392	TRAPPC11
Q7Z3K3	POGZ
Q7Z3V4	UBE3B
Q7Z406	MYH14
Q7Z412	PEX26
Q7Z449	CYP2U1
Q7Z494	NPHP3
Q7Z4L5	TTC21B
Q7Z4N2	TRPM1
Q7Z4S6	KIF21A
Q7Z699	SPRED1
Q7Z6B7	SRGAP1
Q7Z6J9	TSEN54
Q7Z6L0	PRRT2
Q7Z6Z7	HUWE1
Q7Z7B1	PIGW
Q7Z7G8	VPS13B
Q7Z7M0	MEGF8
Q86SG6	NEK8
Q86SQ4	ADGRG6
Q86SQ9	DHDDS
Q86SU0	ILDR1
Q86SX6	GLRX5
Q86TC9	MYPN
Q86TH1	ADAMTSL2
Q86U28	ISCA2
Q86UK0	ABCA12
Q86UK5	EVC2
Q86UR5	RIMS1
Q86VV8	RTTN
Q86W42	THOC6
Q86WG3	ATCAY
Q86WV6	STING1
Q86WW8	COA5
Q86X45	LRRC6
Q86X52	CHSY1
Q86XE5	HOGA1
Q86Y38	XYLT1
Q86Y56	DNAAF5
Q86YH6	PDSS2
Q86YT6	MIB1
Q8HWS3	RFX6
Q8IU80	TMPRSS6
Q8IUC6	TICAM1
Q8IUD6	RNF135
Q8IUZ5	PHYKPL
Q8IV16	GPIHBP1
Q8IVH4	MMAA
Q8IVL5	P3H2
Q8IVS8	GLYCTK
Q8IW40	CCDC103
Q8IWL1	SFTPA2
Q8IWN7	RP1L1
Q8IWS0	PHF6
Q8IWT1	SCN4B
Q8IWU9	TPH2
Q8IWV7	UBR1
Q8IWX7	UNC45B
Q8IWY9	CDAN1
Q8IWZ6	BBS7
Q8IXK2	GALNT12
Q8IXL6	FAM20C
Q8IXL7	MSRB3
Q8IXQ5	KLHL7
Q8IY17	PNPLA6
Q8IYB7	DIS3L2
Q8IYF3	TEX11
Q8IYM1	SEPTIN12
Q8IZC6	COL27A1
Q8IZF0	NALCN
Q8IZU9	KIRREL3
Q8J025	APCDD1
Q8N0V5	GCNT2
Q8N100	ATOH7
Q8N130	SLC34A3
Q8N157	AHI1
Q8N159	NAGS
Q8N196	SIX5
Q8N2C7	UNC80
Q8N2S1	LTBP4
Q8N302	AGGF1
Q8N335	GPD1L
Q8N3I7	BBS5
Q8N465	D2HGDH
Q8N490	PNKD
Q8N4C6	NIN
Q8N4T0	CPA6
Q8N511	TMEM199
Q8N5M1	ATPAF2
Q8N5M9	JAGN1
Q8N653	LZTR1
Q8N6C5	IGSF1
Q8N6F1	CLDN19
Q8N8E2	ZNF513
Q8N8U9	BMPER
Q8N8W4	PNPLA1
Q8N960	CEP120
Q8N9I0	SYT2
Q8N9W5	DNAAF3
Q8NA29	MFSD2A
Q8NAT1	POMGNT2
Q8NB59	SYT14
Q8NB90	SPATA5
Q8NBK3	SUMF1
Q8NBP7	PCSK9
Q8NBS3	SLC4A11
Q8NBT0	POC1A
Q8NCE0	TSEN2
Q8NCE2	MTMR14
Q8NCH0	CHST14
Q8NCM8	DYNC2H1
Q8NCR0	B3GALNT2
Q8NDX2	SLC17A8
Q8NE79	BVES
Q8NEM0	MCPH1
Q8NEP3	DNAAF1
Q8NES3	LFNG
Q8NET8	TRPV3
Q8NEW7	TMIE
Q8NEZ2	VPS37A
Q8NEZ3	WDR19
Q8NF50	DOCK8
Q8NF91	SYNE1
Q8NFF2	SLC24A4
Q8NFG4	FLCN
Q8NFJ6	PROKR2
Q8NFJ9	BBS1
Q8NFM7	IL17RD
Q8NG31	KNL1
Q8NHS3	MFSD8
Q8NI17	IL31RA
Q8NI22	MCFD2
Q8NI27	THOC2
Q8NI36	WDR36
Q8NI60	COQ8A
Q8TA86	RP9
Q8TAA9	VANGL1
Q8TAB3	PCDH19
Q8TAD8	SNIP1
Q8TAF8	LHFPL5
Q8TAM1	BBS10
Q8TAP9	MPLKIP
Q8TB36	GDAP1
Q8TB37	NUBPL
Q8TBB6	SLC7A14
Q8TBZ6	TRMT10A
Q8TC44	POC1B
Q8TCG5	CPT1C
Q8TCS8	PNPT1
Q8TD30	GPT2
Q8TD43	TRPM4
Q8TDI8	TMC1
Q8TDN2	KCNV2
Q8TDP1	RNASEH2C
Q8TDR0	TRAF3IP1
Q8TE60	ADAMTS18
Q8TE73	DNAH5
Q8TE85	GRHL3
Q8TEQ8	PIGO
Q8TF17	SH3TC2
Q8TF64	GIPC3
Q8WTS1	ABHD5
Q8WUU5	GATAD1
Q8WVJ9	TWIST2
Q8WVQ1	CANT1
Q8WVS4	DYNC2I1
Q8WVV4	POF1B
Q8WVX9	FAR1
Q8WW38	ZFPM2
Q8WWY3	PRPF31
Q8WWY8	LIPH
Q8WWZ3	EDARADD
Q8WX94	NLRP7
Q8WXD0	RXFP2
Q8WXF7	ATL1
Q8WXH0	SYNE2
Q8WXW3	PIBF1
Q8WYQ3	CHCHD10
Q8WYR1	PIK3R5
Q8WYR4	RSPH1
Q8WZ04	LRTOMT
Q8WZ55	BSND
Q8WZA1	POMGNT1
Q92466	DDB2
Q92481	TFAP2B
Q92508	PIEZO1
Q92539	LPIN2
Q92542	NCSTN
Q92562	FIG4
Q92574	TSC1
Q92608	DOCK2
Q92626	PXDN
Q92629	SGCD
Q92685	ALG3
Q92734	TFG
Q92736	RYR2
Q92743	HTRA1
Q92765	FRZB
Q92781	RDH5
Q92793	CREBBP
Q92826	HOXB13
Q92834	RPGR
Q92838	EDA
Q92847	GHSR
Q92851	CASP10
Q92887	ABCC2
Q92889	ERCC4
Q92908	GATA6
Q92911	SLC5A5
Q92915	FGF14
Q92947	GCDH
Q92959	SLCO2A1
Q92963	RIT1
Q92968	PEX13
Q92979	EMG1
Q92985	IRF7
Q92989	CLP1
Q92994	BRF1
Q93008	USP9X
Q93063	EXT2
Q93074	MED12
Q93099	HGD
Q93100	PHKB
Q969E8	TSR2
Q969F8	KISS1R
Q969F9	HPS3
Q969G2	LHX4
Q969N2	PIGT
Q969X6	UTP4
Q969Y2	GTPBP3
Q96A29	SLC35C1
Q96AA3	RFT1
Q96AD5	PNPLA2
Q96AG3	SLC25A46
Q96AP0	ACD
Q96AY3	FKBP10
Q96B26	EXOSC8
Q96C12	ARMC5
Q96C36	PYCR2
Q96C86	DCPS
Q96CU9	FOXRED1
Q96CV9	OPTN
Q96D31	ORAI1
Q96D53	COQ8B
Q96DA2	RAB39B
Q96DP5	MTFMT
Q96DT5	DNAH11
Q96DW6	SLC25A38
Q96DX4	RSPRY1
Q96E22	NUS1
Q96EN8	MOCOS
Q96EQ8	RNF125
Q96EX3	DYNC2I2
Q96EY8	MMAB
Q96EY9	ADAT3
Q96F25	ALG14
Q96F86	EDC3
Q96FC9	DDX11
Q96FG2	ELMOD3
Q96FM1	PGAP3
Q96G97	BSCL2
Q96GP6	SCARF2
Q96GW9	MARS2
Q96GX5	MASTL
Q96HD1	CRELD1
Q96HY7	DHTKD1
Q96I59	NARS2
Q96IJ6	GMPPA
Q96IS3	RAX2
Q96J92	WNK4
Q96JI7	SPG11
Q96JP9	CDHR1
Q96JQ0	DCHS1
Q96JX3	SERAC1
Q96K19	RNF170
Q96KG7	MEGF10
Q96KJ9	COX4I2
Q96KN7	RPGRIP1
Q96L12	CALR3
Q96L58	B3GALT6
Q96L73	NSD1
Q96LW4	PRIMPOL
Q96M11	HYLS1
Q96M96	FGD4
Q96MF2	STAC3
Q96MI9	AGBL1
Q96MK3	FAM20A
Q96MP8	KCTD7
Q96MS0	ROBO3
Q96MT3	PRICKLE1
Q96N76	UROC1
Q96NL8	C8orf37
Q96NR8	RDH12
Q96NT0	CCDC115
Q96NT5	SLC46A1
Q96NY8	NECTIN4
Q96P20	NLRP3
Q96P66	GPR101
Q96PC3	AP1S3
Q96PD4	IL17F
Q96PV0	SYNGAP1
Q96PY6	NEK1
Q96PZ2	FAM111A
Q96Q11	TRNT1
Q96QK1	VPS35
Q96QS3	ARX
Q96QU1	PCDH15
Q96RK4	BBS4
Q96RL7	VPS13A
Q96RN1	SLC26A8
Q96RP9	GFM1
Q96RQ3	MCCC1
Q96RR1	TWNK
Q96RW7	HMCN1
Q96RY7	IFT140
Q96S37	SLC22A12
Q96S42	NODAL
Q96SD1	DCLRE1C
Q96T21	SECISBP2
Q96T60	PNKP
Q99062	CSF3R
Q99081	TCF12
Q99217	AMELX
Q99250	SCN2A
Q99259	GAD1
Q99453	PHOX2B
Q99456	KRT12
Q99497	PARK7
Q99502	EYA1
Q99519	NEU1
Q99574	SERPINI1
Q99593	TBX5
Q99622	C12orf57
Q99650	OSMR
Q99684	GFI1
Q99697	PITX2
Q99698	LYST
Q99707	MTR
Q99708	RBBP8
Q99714	HSD17B10
Q99715	COL12A1
Q99720	SIGMAR1
Q99732	LITAF
Q99741	CDC6
Q99758	ABCA3
Q99798	ACO2
Q99814	EPAS1
Q99836	MYD88
Q99895	CTRC
Q99958	FOXC2
Q99959	PKP2
Q99972	MYOC
Q99996	AKAP9
Q9BPU9	B9D2
Q9BQ52	ELAC2
Q9BQB4	SOST
Q9BQB6	VKORC1
Q9BQL6	FERMT1
Q9BQP7	MGME1
Q9BQS8	FYCO1
Q9BR39	JPH2
Q9BRK0	REEP2
Q9BSI4	TINF2
Q9BSQ5	CCM2
Q9BSV6	TSEN34
Q9BT22	ALG1
Q9BTV4	TMEM43
Q9BU40	CHRDL1
Q9BU61	NDUFAF3
Q9BUB7	TMEM70
Q9BUM1	G6PC3
Q9BUR4	WRAP53
Q9BV10	ALG12
Q9BV36	MLPH
Q9BVA0	KATNB1
Q9BVA1	TUBB2B
Q9BVK2	ALG8
Q9BVV6	KIAA0586
Q9BW83	IFT27
Q9BW92	TARS2
Q9BWP8	COLEC11
Q9BWX5	GATA5
Q9BX63	BRIP1
Q9BX67	JAM3
Q9BX79	STRA6
Q9BX84	TRPM6
Q9BXB7	SPATA16
Q9BXC9	BBS2
Q9BXJ0	C1QTNF5
Q9BXJ7	AMN
Q9BXL6	CARD14
Q9BXL7	CARD11
Q9BXM0	PRX
Q9BXM7	PINK1
Q9BXS0	COL25A1
Q9BXW9	FANCD2
Q9BY32	ITPA
Q9BY41	HDAC8
Q9BY79	MFRP
Q9BYB0	SHANK3
Q9BYE0	HES7
Q9BYI3	FAM126A
Q9BYJ1	ALOXE3
Q9BYM8	RBCK1
Q9BYT1	SLC17A9
Q9BYT9	ANO3
Q9BYV8	CEP41
Q9BYX4	IFIH1
Q9BZ23	PANK2
Q9BZ71	PITPNM3
Q9BZD2	SLC29A3
Q9BZH6	WDR11
Q9BZI7	UPF3B
Q9BZS1	FOXP3
Q9BZV2	SLC19A3
Q9BZV3	IMPG2
Q9C000	NLRP1
Q9C004	SPRY4
Q9C040	TRIM2
Q9C0B1	FTO
Q9GZR5	ELOVL4
Q9GZT5	WNT10A
Q9GZT9	EGLN1
Q9GZU1	MCOLN1
Q9GZU5	NYX
Q9GZV9	FGF23
Q9GZX3	CHST6
Q9GZX7	AICDA
Q9H040	SPRTN
Q9H078	CLPB
Q9H082	RAB33B
Q9H0F7	ARL6
Q9H0P0	NT5C3A
Q9H161	ALX4
Q9H1B5	XYLT2
Q9H1R3	MYLK2
Q9H1V8	SLC6A17
Q9H211	CDT1
Q9H221	ABCG8
Q9H222	ABCG5
Q9H237	PORCN
Q9H244	P2RY12
Q9H251	CDH23
Q9H257	CARD9
Q9H267	VPS33B
Q9H2A9	CHST8
Q9H2C0	GAN
Q9H2D6	TRIOBP
Q9H2F3	HSD3B7
Q9H2M9	RAB3GAP2
Q9H2X9	SLC12A5
Q9H324	ADAMTS10
Q9H334	FOXP1
Q9H3D4	TP63
Q9H3H5	DPAGT1
Q9H3L0	MMADHC
Q9H3S1	SEMA4A
Q9H3S4	TPK1
Q9H3Z4	DNAJC5
Q9H444	CHMP4B
Q9H4B7	TUBB1
Q9H4F8	SMOC1
Q9H4G0	EPB41L1
Q9H4Q4	PRDM12
Q9H4Z2	ZNF335
Q9H553	ALG2
Q9H582	ZNF644
Q9H5I5	PIEZO2
Q9H5K3	POMK
Q9H694	BICC1
Q9H6B4	CLMP
Q9H6I2	SOX17
Q9H6K4	OPA3
Q9H6U8	ALG9
Q9H799	CPLANE1
Q9H845	ACAD9
Q9H8M5	CNNM2
Q9H902	REEP1
Q9H936	SLC25A22
Q9H9B1	EHMT1
Q9H9D4	ZNF408
Q9H9E3	COG4
Q9H9J2	MRPL44
Q9H9P8	L2HGDH
Q9H9Q4	NHEJ1
Q9H9S5	FKRP
Q9HA77	CARS2
Q9HAB3	SLC52A2
Q9HAC7	SUGCT
Q9HAN9	NMNAT1
Q9HAT2	SIAE
Q9HAV0	GNB4
Q9HAY6	BCO1
Q9HAZ2	PRDM16
Q9HBA0	TRPV4
Q9HBE4	IL21
Q9HBE5	IL21R
Q9HBG4	ATP6V0A4
Q9HBG6	IFT122
Q9HC07	TMEM165
Q9HC10	OTOF
Q9HC21	SLC25A19
Q9HC23	PROK2
Q9HC29	NOD2
Q9HC77	CENPJ
Q9HC78	ZBTB20
Q9HCC0	MCCC2
Q9HCE0	EPG5
Q9HCG7	GBA2
Q9HCJ1	ANKH
Q9HCJ5	ZSWIM6
Q9HCK4	ROBO2
Q9HCN6	GP6
Q9HD34	LYRM4
Q9HD40	SEPSECS
Q9NP58	ABCB6
Q9NP59	SLC40A1
Q9NP72	RAB18
Q9NP73	ALG13
Q9NP81	SARS2
Q9NP85	NPHS2
Q9NPC2	KCNK9
Q9NPC6	MYOZ2
Q9NPD8	UBE2T
Q9NPE3	NOP10
Q9NPI0	TMEM138
Q9NPJ1	MKKS
Q9NPP4	NLRC4
Q9NQ11	ATP13A2
Q9NQ40	SLC52A3
Q9NQ48	LZTFL1
Q9NQC7	CYLD
Q9NQT5	EXOSC3
Q9NQV8	PRDM8
Q9NQW6	ANLN
Q9NQW8	CNGB3
Q9NQX1	PRDM5
Q9NQX3	GPHN
Q9NQZ6	ZC4H2
Q9NR23	GDF3
Q9NR28	DIABLO
Q9NR50	EIF2B3
Q9NR61	DLL4
Q9NR63	CYP26B1
Q9NR99	MXRA5
Q9NRA2	SLC17A5
Q9NRD8	DUOX2
Q9NRG9	AAAS
Q9NRM0	SLC2A9
Q9NRM1	ENAM
Q9NRR6	INPP5E
Q9NRW7	VPS45
Q9NSB8	HOMER2
Q9NSE4	IARS2
Q9NSK7	C19orf12
Q9NSU2	TREX1
Q9NTI2	ATP8A2
Q9NTQ9	GJB4
Q9NUD9	PIGV
Q9NUQ7	UFSP2
Q9NUW8	TDP1
Q9NUX5	POT1
Q9NVC6	MED17
Q9NVI1	FANCI
Q9NVS9	PNPO
Q9NVV4	MTPAP
Q9NVV9	THAP1
Q9NW08	POLR3B
Q9NW13	RBM28
Q9NW15	ANO10
Q9NWF9	RNF216
Q9NWS8	RMND1
Q9NWW5	CLN6
Q9NWZ3	IRAK4
Q9NX18	SDHAF2
Q9NX24	NHP2
Q9NX62	BPNT2
Q9NXB0	MKS1
Q9NY72	SCN3B
Q9NYF0	DACT1
Q9NYJ7	DLL3
Q9NYJ8	TAB2
Q9NYP7	ELOVL5
Q9NYQ6	CELSR1
Q9NZ01	TECR
Q9NZ71	RTEL1
Q9NZ94	NLGN3
Q9NZB8	MOCS1
Q9NZC2	TREM2
Q9NZC7	WWOX
Q9NZC9	SMARCAL1
Q9NZJ4	SACS
Q9NZJ5	EIF2AK3
Q9NZK5	ADA2
Q9NZN9	AIPL1
Q9NZR4	VSX1
Q9NZU0	FLRT3
Q9NZV5	SELENON
Q9NZV8	KCND2
Q9NZW4	DSPP
Q9P032	NDUFAF4
Q9P0N5	TMEM216
Q9P212	PLCE1
Q9P219	CCDC88C
Q9P2D1	CHD7
Q9P2H3	IFT80
Q9P2J5	LARS1
Q9P2K1	CC2D2A
Q9P2K8	EIF2AK4
Q9P2L0	WDR35
Q9P2R7	SUCLA2
Q9P2X0	DPM3
Q9UBC3	DNMT3B
Q9UBD9	CLCF1
Q9UBF9	MYOT
Q9UBH0	IL36RN
Q9UBH6	XPR1
Q9UBK8	MTRR
Q9UBL9	P2RX2
Q9UBM7	DHCR7
Q9UBP0	SPAST
Q9UBR1	UPB1
Q9UBR4	LHX3
Q9UBV7	B4GALT7
Q9UBX0	HESX1
Q9UBX1	CTSF
Q9UBX5	FBLN5
Q9UBY8	CLN8
Q9UDY2	TJP2
Q9UDY8	MALT1
Q9UEF7	KL
Q9UG01	IFT172
Q9UGJ0	PRKAG2
Q9UH77	KLHL3
Q9UHB7	AFF4
Q9UHC1	MLH3
Q9UHD2	TBK1
Q9UHD8	SEPTIN9
Q9UHD9	UBQLN2
Q9UHF0	TAC3
Q9UHF7	TRPS1
Q9UHG0	DCDC2
Q9UHJ9	PGAP2
Q9UHK6	AMACR
Q9UHN1	POLG2
Q9UHX1	PUF60
Q9UI10	EIF2B4
Q9UI17	DMGDH
Q9UI33	SCN11A
Q9UI46	DNAI1
Q9UI47	CTNNA3
Q9UIF7	MUTYH
Q9UJ71	CD207
Q9UJA3	MCM8
Q9UJJ9	GNPTG
Q9UJQ4	SALL4
Q9UJS0	SLC25A13
Q9UJV3	MID2
Q9UJY1	HSPB8
Q9UK05	GDF2
Q9UK17	KCND3
Q9UKA2	FBXL4
Q9UKG1	APPL1
Q9UKM7	MAN1B1
Q9UKN7	MYO15A
Q9UKU7	ACAD8
Q9UKX2	MYH2
Q9UKY4	POMT2
Q9UL01	DSE
Q9UL12	SARDH
Q9ULC3	RAB23
Q9ULK4	MED23
Q9ULK5	VANGL2
Q9ULL8	SHROOM4
Q9ULP9	TBC1D24
Q9ULT0	TTC7A
Q9ULV0	MYO5B
Q9ULV1	FZD4
Q9ULV3	CIZ1
Q9ULV5	HSF4
Q9UM01	SLC7A7
Q9UM47	NOTCH3
Q9UM54	MYO6
Q9UM73	ALK
Q9UMD9	COL17A1
Q9UMR3	TBX20
Q9UMS0	NFU1
Q9UMX6	GUCA1B
Q9UMX9	SLC45A2
Q9UMZ3	PTPRQ
Q9UNE0	EDAR
Q9UNE7	STUB1
Q9UNW1	MINPP1
Q9UP52	TFR2
Q9UPI3	FLVCR2
Q9UPP1	PHF8
Q9UPQ8	DOLK
Q9UPV0	CEP164
Q9UPY3	DICER1
Q9UPZ3	HPS5
Q9UPZ9	CILK1
Q9UQ13	SHOC2
Q9UQ90	SPG7
Q9UQB3	CTNND2
Q9UQD0	SCN8A
Q9UQF2	MAPK8IP1
Q9UQN3	CHMP2B
Q9Y210	TRPC6
Q9Y215	COLQ
Q9Y223	GNE
Q9Y234	LIPT1
Q9Y243	AKT3
Q9Y253	POLH
Q9Y276	BCS1L
Q9Y281	CFL2
Q9Y283	INVS
Q9Y287	ITM2B
Q9Y2B1	RXYLT1
Q9Y2B2	PIGL
Q9Y2I7	PIKFYVE
Q9Y2M0	FAN1
Q9Y2R2	PTPN22
Q9Y2S0	POLR1D
Q9Y2V0	CDIN1
Q9Y2V3	RAX
Q9Y2V7	COG6
Q9Y2Y0	ARL2BP
Q9Y2Y6	TMEM98
Q9Y2Z2	MTO1
Q9Y2Z4	YARS2
Q9Y2Z9	COQ6
Q9Y345	SLC6A5
Q9Y397	ZDHHC9
Q9Y3A0	COQ4
Q9Y3A5	SBDS
Q9Y3D7	PAM16
Q9Y3E5	PTRH2
Q9Y3I1	FBXO7
Q9Y3Q4	HCN4
Q9Y3Z3	SAMHD1
Q9Y458	TBX22
Q9Y463	DYRK1B
Q9Y4J8	DTNA
Q9Y4U1	MMACHC
Q9Y4W6	AFG3L2
Q9Y4Z2	NEUROG3
Q9Y586	MAB21L2
Q9Y592	CEP83
Q9Y5I7	CLDN16
Q9Y5L0	TNPO3
Q9Y5N6	ORC6
Q9Y5P4	CERT1
Q9Y5Q3	MAFB
Q9Y5Q5	CORIN
Q9Y5U8	MPC1
Q9Y5U9	IER3IP1
Q9Y5X0	SNX10
Q9Y5X4	NR2E3
Q9Y5Y0	FLVCR1
Q9Y5Y5	PEX16
Q9Y5Y6	ST14
Q9Y5Y9	SCN10A
Q9Y5Z9	UBIAD1
Q9Y606	PUS1
Q9Y617	PSAT1
Q9Y619	SLC25A15
Q9Y653	ADGRG1
Q9Y672	ALG6
Q9Y698	CACNG2
Q9Y6A1	POMT1
Q9Y6B6	SAR1B
Q9Y6D5	ARFGEF2
Q9Y6H8	GJA3
Q9Y6J6	KCNE2
Q9Y6K1	DNMT3A
Q9Y6K9	IKBKG
Q9Y6N6	LAMC3
Q9Y6Q6	TNFRSF11A
Q9Y6R1	SLC4A4
Q9Y6X0	SETBP1
P42166	TMPO
Q5VWK5	IL23R
Q8IZT6	ASPM
