Name	Gene(s)	Protein change	Condition(s)	Clinical significance (Last reviewed)	Review status	Accession	GRCh37Chromosome	GRCh37Location	GRCh38Chromosome	GRCh38Location	VariationID	AlleleID(s)	dbSNP ID	Canonical SPDI
NM_013314.4(BLNK):c.746G>A (p.Gly249Glu)	BLNK	G226E, G249E, G144E	Agammaglobulinemia 4, autosomal recessive	Uncertain significance(Last reviewed: Nov 18, 2019)	criteria provided, single submitter	VCV000846917	10	97969594	10	96209838	846917	837535		NC_000010.11:96209837:C:T
NM_013314.3(BLNK):c.680G>A (p.Arg227Gln)	BLNK	R227Q, R122Q, R204Q	Agammaglobulinemia 4, autosomal recessive	Uncertain significance(Last reviewed: Aug 6, 2018)	criteria provided, single submitter	VCV000662446	10	97969660	10	96209904	662446	639334	rs782554120	NC_000010.11:96209903:C:T
NM_013314.3(BLNK):c.659C>T (p.Pro220Leu)	BLNK	P220L	Agammaglobulinemia 4, autosomal recessive	Uncertain significance(Last reviewed: Dec 3, 2018)	criteria provided, single submitter	VCV000640743	10	97975094	10	96215338	640743	639335	rs1591316040	NC_000010.11:96215337:G:A
NM_013314.3(BLNK):c.652G>A (p.Ala218Thr)	BLNK	A218T	Agammaglobulinemia 4, autosomal recessive	Uncertain significance(Last reviewed: May 29, 2018)	criteria provided, single submitter	VCV000583253	10	97975101	10	96215345	583253	566663	rs375608442	NC_000010.11:96215344:C:T
NM_013314.4(BLNK):c.616G>A (p.Val206Met)	BLNK	V206M	Agammaglobulinemia 4, autosomal recessive	Uncertain significance(Last reviewed: Aug 15, 2019)	criteria provided, single submitter	VCV000946915	10	97975137	10	96215381	946915	925988		NC_000010.11:96215380:C:T
NM_013314.4(BLNK):c.611C>A (p.Pro204His)	BLNK	P204H	Agammaglobulinemia 4, autosomal recessive	Uncertain significance(Last reviewed: Feb 10, 2019)	criteria provided, single submitter	VCV000856791	10	97975142	10	96215386	856791	837536		NC_000010.11:96215385:G:T
NM_013314.4(BLNK):c.596C>T (p.Pro199Leu)	BLNK	P199L	Agammaglobulinemia 4, autosomal recessive	Uncertain significance(Last reviewed: Feb 11, 2019)	criteria provided, single submitter	VCV000860549	10	97976420	10	96216664	860549	837537		NC_000010.11:96216663:G:A
NM_013314.3(BLNK):c.596C>G (p.Pro199Arg)	BLNK	P199R	Agammaglobulinemia 4, autosomal recessive	Uncertain significance(Last reviewed: Oct 5, 2018)	criteria provided, single submitter	VCV000651369	10	97976420	10	96216664	651369	639336	rs781980711	NC_000010.11:96216663:G:C
NM_013314.4(BLNK):c.544G>A (p.Val182Met)	BLNK	V182M	Agammaglobulinemia 4, autosomal recessive	Uncertain significance(Last reviewed: Jul 8, 2019)	criteria provided, single submitter	VCV000947837	10	97976472	10	96216716	947837	925989		NC_000010.11:96216715:C:T
NM_013314.4(BLNK):c.527C>T (p.Ala176Val)	BLNK	A176V	Agammaglobulinemia 4, autosomal recessive	Uncertain significance(Last reviewed: Sep 19, 2019)	criteria provided, single submitter	VCV000958224	10	97976489	10	96216733	958224	947162		NC_000010.11:96216732:G:A
